id,name,shortDesc,fullDesc,price,popularity,image,category
1,Форсайт домики,Клеевые липучки от таракнов 5 шт. в уп.,"Клеевые ловушки для тараканов могут стать эффективным средством избавления от тараканов. Они содержат профессиональный инсектицид нового поколения и нетоксичны для человека и домашних животных. Данные клеевые ловушки от марки «Форссайт», подходят для использования в помещениях, требующих повышенной экологической безопасности, в том числе в детских садах, школах, больницах, квартирах, офисах, магазинах, продовольственных складах. Они просты в использовании, могут быть установлены где угодно и остаются активными в течение трех месяцев. В наборе пять ловушек.",400,100,images/products/fosait_lipu.jpg,Инсектициды
2,Рефтамид Экстрим усиленный,Репеллент аэрозоль  8 часов 150 мл,"Это профессиональное средство от насекомых для взрослых, защищающее от кровососущих насекомых и клещей. Использовать при температуре выше +10°С, перед применением взбалтывать и наносить на открытом воздухе, в защищенном от ветра месте. При использовании одежду и ткань следует распылить на расстоянии 20-25 см, затем высушить. На коже средство обеспечивает защиту от насекомых более 4 часов, на одежде — до 30 дней, от клещей на одежде — до 5 дней.",300,73,images/products/reftamid_300.jpg,Инсектициды
3,Тайга домики,Клеевые липучки от таракнов 10 шт. в уп.,Содержит приманку в виде посыпки уже нанесен на липучку . Предотвращает размножение насекомых. Можно использовать поштучно. Также возможна продажа по штучно = 50р.,500,99,images/products/taiga.png,Инсектициды
4,Рулетка 3м,Двусторонняя шкала,Ударопрочный корпус и фиксатор ленты.,110,68,images/products/ruletka.jpg,Инструменты
5,Рулетка 5м,Двусторонняя шкала,Ударопрочный корпус и фиксатор ленты.,110,68,images/products/ruletka.jpg,Инструменты
6,Рулетка 10м,Двусторонняя шкала,Ударопрочный корпус и фиксатор ленты.,150,68,images/products/ruletka.jpg,Инструменты
7,Нож монтажный + лезвия,5 лезвий в комплекте,Металлический корпус и автоматическая фиксация.,300,91,images/products/knife_stroy.jpg,Инструменты
8,Бита на блистере ,"""WHIRL POWER ORIGINAL"" - PH2*25",Цена за штуку,100,73,images/products/bita_25.jpg,Инструменты
9,Тёрка для шинковки Большая,Нерж.,Рабочая поверхность 20х33см. Односторонняя,400,30,images/products/terka_big_400,Кухонная утварь
10,Овощерезка Большая,Пластмассовая ,,600,30,images/products/ovosherezka_bol_plast_600.jpg,Кухонная утварь
11,Фартук,,,250,20,images/products/,Кухонная утварь
12,Доска разделочная XXL,Бамбук,Рабочая поверхность 40х30см. Толщина 15мм,900,30,images/products/bamboo_cutting_board_xxl.jpg,Кухонная утварь
13,Доска разделочная авакадо,Идеально подойдет для подарка ,,300,30,images/products/avakado_cutting.jpg,Кухонная утварь
14,Набор досок разделочных ,Идеально подойдет для подарка ,,700,30,images/products/,Кухонная утварь
15,Многофункциональная овощерезка,"В комплекте : сменные насадки , овощечистка , держатель овощей",,500,40,images/products/,Кухонная утварь
16,Овощерезка набор Premium,Со сменными насадками,,650,30,images/products/white_ovosh_650.jpg,Кухонная утварь
17,Овощерезка набор Эконом,Со сменными насадками,,350,81,images/products/red_ovosh.jpg,Кухонная утварь
18,Тёрка для корейской моркови Libra Plast,Средняя. Без сменных насадок,,200,84,images/products/rabbit_rezka_200.jpg,Кухонная утварь
19,Тёрка для корейской моркови ,Мини. Без сменных насадок,,150,98,images/products/rabbit_rezka_200.jpg,Кухонная утварь
20,Тёрка Мини универсальная,Без сменных насадок,,200,95,images/products/terka_oranj_200.jpg,Кухонная утварь
21,Яйцерезка пластмассовая,Слайсер для яиц,"Изготовлен из нержавеющей стали и полипропилена, вы без труда сможете измельчить яйцо. Хорошо натянутая стальная проволока легко нарезает продукт на кусочки равной толщины.",100,64,images/products/egg_cutting_100.jpg,Кухонная утварь
22,Яйцерезка металлическая,Слайсер для яиц,"Изготовлен из нержавеющей стали , вы без труда сможете измельчить яйцо.",150,13,images/products/egg_cutting_150.jpg,Кухонная утварь
23,Яйцерезка комбо пластмассовая ,Слайсер для яиц 2в1 ,"Изделие имеет 2 насадки, которые могут использоваться как вместе, так и пo-отдельности, в зависимости от того, какая используется. ",200,52,images/products/egg_cutting_200.jpg,Кухонная утварь
24,Турка-кувшин для взбивания ,Металлический мерный стакан - 1000мл.,Материал корпуса: керамика. Иделаьно подойдет для молока,600,29,images/products/Merniy_nerj.jpg,Кухонная утварь
25,Держатель для мяса,,,200,81,images/products/meat_cutting.jpg,Кухонная утварь
26,Бамбуковые шампура для барбекю размер - 40см.,"Бамбуковые шпажки для барбекю
Размер: 40 см.",,150,19,images/products/bamboo_shpash.jpg,"Кухонная утварь,На пикник"
27,Бамбуковые шампура для барбекю размер - 30см.,"Бамбуковые шпажки для барбекю
Размер: 30 см.",,,37,images/products/bamboo_shpash.jpg,"Кухонная утварь,На пикник"
28,Бамбуковые шампура для барбекю размер - 20см.,"Бамбуковые шпажки для барбекю
Размер: 25 см.",,,54,images/products/bamboo_shpash.jpg,"Кухонная утварь,На пикник"
29,Бамбуковые шампура для барбекю размер - 25см.,"Бамбуковые шпажки для барбекю
Размер: 20 см.",,,35,images/products/bamboo_shpash.jpg,"Кухонная утварь,На пикник"
30,Бамбуковые шампура для барбекю размер - 15см.,"Бамбуковые шпажки для барбекю
Размер: 15 см.",,,62,images/products/bamboo_shpash.jpg,"Кухонная утварь,На пикник"
31,Горелка газовая пластмассовая пьеза, Компактный и эргономичный дизайн.,Горелка-насадка с пьезоподжигом и регулятором мощности. Автоматический пьезоэлектрический розжиг одним нажатием.,300,39,images/products/gorelka_300.jpg,"Кухонная утварь,На пикник"
32,Горелка газовая металлическая пьеза,Данная горелка снабжена системой предварительного подогрева газа.,,400,24,images/products/gorelka_400.jpg,"Кухонная утварь,На пикник"
33,"Турбо зажигалка-горелка, газовая","Удобная в пользовании , занимает мало места","Заправляемая , с предохранителем и регулятором мощности.",200,51,images/products/turbo.jpg,"Кухонная утварь,На пикник"
34,Звонок беспроводной уличный,Пылеводозащитный в черном дизайне,Работают от батареек. Розетка не нужна,600,96,images/products/,"Электротовары,Хозтовары"
35,Звонок беспроводной комнатный,С различными рингтонами ,Работают от батареек. Розетка не нужна,400,67,images/products/,"Электротовары,Хозтовары"
36,"Крышка стеклянная, с металлическим ободком - 14см",Сделано в России. ГОСТ 51969-2002,"назначение: для сковороды, для сотейника, для кастрюлиматериал: стекло",220,52,images/products/krishka.jpg,"Кухонная утварь,Посуда"
37,"Крышка стеклянная, с металлическим ободком - 16см",Сделано в России. ГОСТ 51969-2002,"назначение: для сковороды, для сотейника, для кастрюлиматериал: стекло",250,95,images/products/krishka.jpg,"Кухонная утварь,Посуда"
38,"Крышка стеклянная, с металлическим ободком - 18см",Сделано в России. ГОСТ 51969-2002,"назначение: для сковороды, для сотейника, для кастрюлиматериал: стекло",260,6,images/products/krishka.jpg,"Кухонная утварь,Посуда"
39,"Крышка стеклянная, с металлическим ободком - 20см",Сделано в России. ГОСТ 51969-2002,"назначение: для сковороды, для сотейника, для кастрюлиматериал: стекло",300,44,images/products/krishka.jpg,"Кухонная утварь,Посуда"
40,"Крышка стеклянная, с металлическим ободком - 22см",Сделано в России. ГОСТ 51969-2002,"назначение: для сковороды, для сотейника, для кастрюлиматериал: стекло",320,56,images/products/krishka.jpg,"Кухонная утварь,Посуда"
41,"Крышка стеклянная, с металлическим ободком - 24см",Сделано в России. ГОСТ 51969-2002,"назначение: для сковороды, для сотейника, для кастрюлиматериал: стекло",350,22,images/products/krishka.jpg,"Кухонная утварь,Посуда"
42,Пылевыбивалка для ковров с черной ручкой,Основа плетный металл,,300,52,images/products/pill.jpg,Хозтовары
43,"Скоба для степлера - ""MEI DE"", - 6мм., Тип 53; 1000 шт ",Скоба для степлера,"Размер: 6мм.
Тип: 53
Кол-во: 1000шт.
Бренд: ""MEI DE""",50,79,images/products/skoba.png,Инструменты
44,"Скоба для степлера - ""MEI DE"", - 8мм., Тип 53; 1000 шт ",Скоба для степлера,"Размер: 8мм.
Тип: 53
Кол-во: 1000шт.
Бренд: ""MEI DE""",50,81,images/products/skoba.png,Инструменты
45,Термометр наружный,На липучке,Без ртути,50,85,images/products/tempa_50.jpg,"Хозтовары,Сад и огород"
46,Штопор металлический,Простой и удобный штопор идеально подходит для удаления пробок одним движением. ,"Штопор прост в эксплуатации и не занимает много места при хранении, удобно брать с собой в поездку, на пикник и другие мероприятия.",150,93,images/products/shtopor_150.jpg,Кухонная утварь
47,Термометр комнатный ,,,100,51,images/products/tempa_50.jpg,Хозтовары
48,Скребок пластмассовый ,,,150,81,images/products/skrebok_150.jpg,Кухонная утварь
49,Термометр комнатный ,С цветочным фоном,,100,21,images/products/temp_kom_roza.jpg,"Хозтовары,Сад и огород"
50,Газовый поджиг ,С прямым носиком,,200,88,images/products/zajig_pryamoy.jpg,"Кухонная утварь,На пикник"
51,Газовый поджиг ,С длинным изгибающимся носиком,,200,85,images/products/zajig_krivoy.jpg,"Кухонная утварь,На пикник"
52,Яблокорезка,С пластмассовыми ручками ,,260,41,images/products/apple_cut_260.jpg,Кухонная утварь
53,Набор прихватка + подставка ,,,150,16,images/products/nabor_prihv_150.jpg,Кухонная утварь
54,Чехол для одежды,,,350,28,images/products/case_for_clouthes.jpg,Хозтовары
55,Сетка для глажения ,,,150,24,images/products/setka_for_gladki.jpg,Хозтовары
56,Мешок для стирки обуви,,,200,85,images/products/setka_for_shoses.jpeg,Хозтовары
57,Мешки для пылесоса,3 шт. в упаковке ,,200,46,images/products/bah_for_pilesosksa.jpg,Хозтовары
58,Мешок для мягкой стирки,"Защищает тонкие ткани от повреждений вызванных стиркой, отжимом и сушкой","35х40 для 1.5кг белья
70х40 для 3кг белья 
70х80 для 5кг белья ",200,34,images/products/bag_to_easy_clean.jpg,Хозтовары
59,Москитная сетка ,1.5х1.5м на окно,С самоклеящейся лентой для крепления. Белый цвет,150,98,images/products/moskit_setka_window.jpg,Хозтовары
60,Набор для готовки яиц,Материал : коррозионностойкая сталь,В наборе: 4 формочки с держателями + кисточка ,250,51,images/products/,Кухонная утварь
61,Капучинатор,Вспениватель молока,"Работает от двух батареек АА ( пальчиковых ), постоянное нажатие ",200,44,images/products/kapuchinator_200.jpeg,Кухонная утварь
62,Скребок для стеклокерамики ,Материал : коррозионностойкая сталь,"Подоходит также для кафельных и стеклянных поверхностей от засохшей или пригоревшей грязи. Сменное двустороннее лезвие , имеет специальный предохранитель. Оно выдвигается и фиксируется.",350,18,images/products/skrebok_350.jpg,Кухонная утварь
63,Шприц кондитерский втулка,Набор для украшения тортов,В комплетке сменные насадки. 2 цвета на выбор : белый и красный ,250,23,images/products/Shpric_vtulka.jpg,Кухонная утварь
64,Шприц кондитерский мешочек,Набор для украшения тортов,В комплетке сменные насадки. 2 цвета на выбор : белый и красный ,200,55,images/products/Shpric_meshok.jpg,Кухонная утварь
65,Силиконовый набор для выпечки,Лопатка + кисточка,Красный и зеленый цвет,150,23,images/products/kist_lopat_150.jpg,Кухонная утварь
66,Щетка утюжок малый,Универсальная с пластмассовой ручкой и полипропиленовых ворсинок,"Производство : Россия, Ростов-на-Дону",70,25,images/products/utuzok_70.jpg,Хозтовары
67,Щетка утюжок средний,Универсальная с пластмассовой ручкой и полипропиленовых ворсинок,"Производство : Россия, Ростов-на-Дону",80,24,images/products/utuzok_large_80.jpg,Хозтовары
68,Щетка утюжок большой,Универсальная с пластмассовой ручкой и полипропиленовых ворсинок,"Производство : Россия, Ростов-на-Дону",100,71,images/products/utuzok_xxl.jpg,Хозтовары
69,"Секатор 8""",,,350,15,images/products/sekator_300.jpg,"Инструменты,Сад и Огород"
70,"Секатор 9""",,,450,70,images/products/,"Инструменты,Сад и Огород"
71,"Секатор 10""",,,450,81,images/products/sekator_450_10.jpg,"Инструменты,Сад и Огород"
72,"Секатор 8"" SALI",,,1000,59,images/products/,"Инструменты,Сад и Огород"
73,Полироль автомобильная PLAK,750ml. Italia,В ассортименте все запахи. Уточнять по наличию конкретной,650,54,images/products/plak.jpg,Автотовары
74,Фольга малая,Саянская классическая,"Толщина : 11мкм
Длина : 10м
Ширина : 30см 
Материал : алюминий",150,36,images/products/folga_150.jpg,"Кухонная утварь,На пикник"
75,Фольга большая,Саянская для запекания,"Толщина : 14мкм
Длина : 10м
Ширина : 44см 
Материал : алюминий",300,76,images/products/folga_300.jpg,"Кухонная утварь,На пикник"
76,Фольга плотная,Саянская гриль,"Толщина : 20мкм
Длина : 10м
Ширина : 44см 
Материал : алюминий",350,24,images/products/folga_350.jpg,"Кухонная утварь,На пикник"
77,Губка меламиновая,4шт.  в комплекте. Плотность : 8.5кг/м,"Для ванны, для кафеля и плитки, для оргтехники, для стеклокерамики, универсальная",100,43,images/products/melamin.jpg,Кухонная утварь
78,Форма для выпечки кекс,4 шт. в комплекте,"Материал : Нержавеющая сталь
Диаметр = 14 см
НИКИС , производство - Беларусь ",320,24,images/products/keks_forms.jpg,Кухонная утварь
79,Скатерть одноразовая ,5 шт. в рулоне. Рамер: 140х110см,"В ассортименте разные цвета, однотонные и с рисунками",200,71,images/products/skatert_first.jpg,"Кухонная утварь,На пикник"
80,Пакеты для заморозки малые,18х25см. 25шт.,Для хранения пищевой продукции в холодильнике или морозильной камере . Не прилипают к продуктам. С защёлкой,150,74,images/products/paket_zamorozka.jpg,Кухонная утварь
81,Пакеты для заморозки средние,25х30см. 25шт.,Для хранения пищевой продукции в холодильнике или морозильной камере . Не прилипают к продуктам. С защёлкой,200,80,images/products/paket_zamorozka_big.jpg,Кухонная утварь
82,"Леска для триммера, звезда - (3.5 мм / 15 м)",Леска двухкомпонентная для триммера  применяется в качестве режущего материала в электрических и бензиновых триммерах.,"Обладает высокой износостойкостью за счет более прочного внутреннего слоя.
Леска рекомендована для скашивания как густой зеленой травы, так и сухого многолетнего кустарника.",250,26,images/products/leska_all.jpg,Сад и Огород
83,"Леска для триммера, витая, квадрат - (3.5 мм / 15м.)",Леска двухкомпонентная для триммера  применяется в качестве режущего материала в электрических и бензиновых триммерах.,"Обладает высокой износостойкостью за счет более прочного внутреннего слоя.
Леска рекомендована для скашивания как густой зеленой травы, так и сухого многолетнего кустарника.",250,3,images/products/leska_all.jpg,Сад и Огород
84,"Леска для триммера, звезда - (3 мм / 15 м)",Леска двухкомпонентная для триммера  применяется в качестве режущего материала в электрических и бензиновых триммерах.,"Обладает высокой износостойкостью за счет более прочного внутреннего слоя.
Леска рекомендована для скашивания как густой зеленой травы, так и сухого многолетнего кустарника.",200,90,images/products/leska_all.jpg,Сад и Огород
85,"Леска для триммера, витая, квадрат - (3 мм / 15м.)",Леска двухкомпонентная для триммера  применяется в качестве режущего материала в электрических и бензиновых триммерах.,"Обладает высокой износостойкостью за счет более прочного внутреннего слоя.
Леска рекомендована для скашивания как густой зеленой травы, так и сухого многолетнего кустарника.",200,29,images/products/leska_all.jpg,Сад и Огород
86,"Леска для триммера, звезда - (2.7 мм / 15 м)",Леска двухкомпонентная для триммера  применяется в качестве режущего материала в электрических и бензиновых триммерах.,"Обладает высокой износостойкостью за счет более прочного внутреннего слоя.
Леска рекомендована для скашивания как густой зеленой травы, так и сухого многолетнего кустарника.",150,55,images/products/leska_all.jpg,Сад и Огород
87,"Леска для триммера, витая, квадрат - (2.7 мм / 15м.)",Леска двухкомпонентная для триммера  применяется в качестве режущего материала в электрических и бензиновых триммерах.,"Обладает высокой износостойкостью за счет более прочного внутреннего слоя.
Леска рекомендована для скашивания как густой зеленой травы, так и сухого многолетнего кустарника.",150,58,images/products/leska_all.jpg,Сад и Огород
88,"Леска для триммера, звезда - (2.4 мм / 15 м)",Леска двухкомпонентная для триммера  применяется в качестве режущего материала в электрических и бензиновых триммерах.,"Обладает высокой износостойкостью за счет более прочного внутреннего слоя.
Леска рекомендована для скашивания как густой зеленой травы, так и сухого многолетнего кустарника.",150,97,images/products/leska_all.jpg,Сад и Огород
89,"Леска для триммера, витая, квадрат - (2.4 мм / 15м.)",Леска двухкомпонентная для триммера  применяется в качестве режущего материала в электрических и бензиновых триммерах.,"Обладает высокой износостойкостью за счет более прочного внутреннего слоя.
Леска рекомендована для скашивания как густой зеленой травы, так и сухого многолетнего кустарника.",150,26,images/products/leska_all.jpg,Сад и Огород
90,"Леска для триммера, стальная проволка - (2.4 мм / 15м.)",Леска двухкомпонентная для триммера  применяется в качестве режущего материала в электрических и бензиновых триммерах.,"Обладает высокой износостойкостью за счет более прочного внутреннего слоя.
Леска рекомендована для скашивания как густой зеленой травы, так и сухого многолетнего кустарника.",200,78,images/products/leska_steel.jpg,Сад и Огород
91,"Леска для триммера, витая, квадрат - (2.0 мм / 15м.)",Леска двухкомпонентная для триммера  применяется в качестве режущего материала в электрических и бензиновых триммерах.,"Обладает высокой износостойкостью за счет более прочного внутреннего слоя.
Леска рекомендована для скашивания как густой зеленой травы, так и сухого многолетнего кустарника.",100,76,images/products/leska_all.jpg,Сад и Огород
92,"Леска для триммера, звезда - (2.0 мм / 15 м)",Леска двухкомпонентная для триммера  применяется в качестве режущего материала в электрических и бензиновых триммерах.,"Обладает высокой износостойкостью за счет более прочного внутреннего слоя.
Леска рекомендована для скашивания как густой зеленой травы, так и сухого многолетнего кустарника.",100,92,images/products/leska_all.jpg,Сад и Огород
93,"Леска для триммера, звезда - (1.6 мм / 15 м)",Леска двухкомпонентная для триммера  применяется в качестве режущего материала в электрических и бензиновых триммерах.,"Обладает высокой износостойкостью за счет более прочного внутреннего слоя.
Леска рекомендована для скашивания как густой зеленой травы, так и сухого многолетнего кустарника.",100,18,images/products/leska_all.jpg,Сад и Огород
94,"Леска для триммера, витая, квадрат - (1.6 мм / 15м.)",Леска двухкомпонентная для триммера  применяется в качестве режущего материала в электрических и бензиновых триммерах.,"Обладает высокой износостойкостью за счет более прочного внутреннего слоя.
Леска рекомендована для скашивания как густой зеленой травы, так и сухого многолетнего кустарника.",100,80,images/products/leska_all.jpg,Сад и Огород
95,Зажим для полотенец,,,100,16,images/products/zajimi.jpeg,Кухонная утварь
96,Шпуля (катушка) для бензокосы и электротриммера,"Полуавтомат, ударопрочная, гайка М10х1.25 LH, под леску 2.0-3.0 мм","Предмет предназначен для хозяйственно-бытовых нужд, в первую очередь для подметания пола в помещении. Он обладает тонкими прутьями и длинной, прочной рукояткой, благодаря чему им удобно производить уборку в труднодоступных местах: под мебелью, в углах, узких и тесных проемах, на высоте. В некоторых ситуациях веник из сорго выигрывает у своего высокотехнологичного конкурента – пылесоса. Например: при необходимости осуществить уборку неровной поверхности; во дворе, на улице; при наличии грязного и мокрого мусора; когда разбито стекло или раздавлена пластмасса. Им удобно смахивать пыль и выметать средний и крупный мусор, который застрянет в пылесосе и засорит его. Веником или метелкой из сорго, как правило, обрабатывают поверхности перед влажной уборкой. Часто его используют при очистке ковров и паласов снегом. Некоторые хозяйки смачивают в воде чистый веник и опрыскивают им цветы или белье, увлажняют воздух в помещении.
Ве́ник — связка прутьев или веток, используемая для подметания помещений, но иногда и уличных территорий. Прежде употреблялся также для чистки одежды, для спрыска белья или цветов.",600,40,images/products/katushka.jpg,Сад и Огород
97,Катушка-шпуля,"С подшипником, автомат для мотокос",,,91,images/products/katushka_200.jpg,Сад и Огород
98,"Фильтр удлинитель - (5м. / 5 гнезд / с заземлением) ""POWER CUBE""","Номинальная мощность тока = 16А, макс. Мощность = 2200Вт.","Сетевой фильтр Power CUBE защищает от помех электросети, перегрузок и токов короткого замыкания. Корпус устройства выполнен из экологически чистого и негорючего пластика. Пять розеток евростандарта выполнены по специальной технологии, что позволяет вставлять в них вилки не только евростандарта (толстые), но и тонкие российские вилки. Сетевой фильтр также имеет общий сетевой выключатель со световой индикацией, фиксирующей включение в сеть и исправность электронной цепи.",1300,42,images/products/kub_univers.jpg,"Электротовары,Хозтовары"
99,"Фильтр удлинитель - (3м. / 5 гнезд / с заземлением) ""POWER CUBE""","Номинальная мощность тока = 16А, макс. Мощность = 2200Вт.","Сетевой фильтр Power CUBE защищает от помех электросети, перегрузок и токов короткого замыкания. Корпус устройства выполнен из экологически чистого и негорючего пластика. Пять розеток евростандарта выполнены по специальной технологии, что позволяет вставлять в них вилки не только евростандарта (толстые), но и тонкие российские вилки. Сетевой фильтр также имеет общий сетевой выключатель со световой индикацией, фиксирующей включение в сеть и исправность электронной цепи.",1100,95,images/products/kub_univers.jpg,"Электротовары,Хозтовары"
100,"Фильтр удлинитель - (1,9 м. / 5 гнезд / с заземлением) ""POWER CUBE""","Номинальная мощность тока = 10А, макс. Мощность = 2200Вт.","Сетевой фильтр Power CUBE защищает от помех электросети, перегрузок и токов короткого замыкания. Корпус устройства выполнен из экологически чистого и негорючего пластика. Пять розеток евростандарта выполнены по специальной технологии, что позволяет вставлять в них вилки не только евростандарта (толстые), но и тонкие российские вилки. Сетевой фильтр также имеет общий сетевой выключатель со световой индикацией, фиксирующей включение в сеть и исправность электронной цепи.",1000,7,images/products/kub_univers.jpg,"Электротовары,Хозтовары"
101,Держатель для кафеля алюминий тройная,(Стеклодомкрат) ,,1000,58,images/products/steklo_three.jpg,Инструменты
102,Держатель для кафеля алюминий одинарный,(Стеклодомкрат) ,,450,39,images/products/steklo_one.jpg,Инструменты
103,Ступка металлическая ,Ступка для специй металлическая является универсальной принадлежностью на вашей кухне. ,"В ступке можно легко и быстро растереть любые специи и зелень, а также ступку можно использовать в качестве емкости. Поможет приготовить ароматную добавку к вашему блюду. Изготовлена из прочного металла, нержавеющая и надежная. Обладает высокой ударопрочностью и износостойкостью. Проста в использовании, легко моется",1000,43,images/products/stupka_steel.jpeg,Кухонная утварь
104,"Нож ""TRAMONTINA MULTICOLOR"" средний гладкий",Оригинальный нож с пластмассовой ручкой. Стоимость за штуку.,Данный нож предназначен для универсальных бытовых и кухонных задач. Острое лезвие и прочная основа. Редкий экземпляр в свзяи со сложностью поставок.,250,85,images/products/knife_tramontina_gladk_plast.jpg,Кухонная утварь
105,"Нож ""TRAMONTINA MULTICOLOR"" средний с зубчиками",Оригинальный нож с пластмассовой ручкой. Стоимость за штуку.,Данный нож предназначен для универсальных бытовых и кухонных задач. Острое лезвие и прочная основа. Редкий экземпляр в свзяи со сложностью поставок.,250,7,images/products/knife_tramontina_zub_plast.jpg,Кухонная утварь
106,Вафельница элекрическая для венских вафель,,,700,12,images/products/wafel_700.jpg,Кухонная утварь
107,"Весы электронные для кухни, с круглой чашкой ",До 5 кг.,,700,6,images/products/vesi_napol_700.jpg,Кухонная утварь
108,Орехокол механический,Крокодилы,"Орехокол легко раскалывает орехи, пекан, фундук, миндаль, грецкий орех, бразильские орехи.Простой в использовании, очень полезный и легкий инструмент. ",200,84,images/products/orex_krok_200.png,Кухонная утварь
109,"Брусок абразивный, для заточки ножей",С деревянной ручкой,"Точильный брусок треугольной формы на деревянной ручке применяется для ручной правки, заточки режущего инструмента в том числе кос.
Абразивный материал ― корунд (оксид алюминия).",200,8,images/products/brusok_der.jpg,Кухонная утварь
110,Набор отверток ,С трещоткой в коробке,"Набор отверток с трещоткой
Кол-во: 26 предметов",500,65,images/products/nabor_otv_500.jpg,Инструменты
111,Нож для шинковки капусты,С двумя лезвиями из нерж.,С пластмассовой ручкой,350,55,images/products/knife_kapust.jpg,Кухонная утварь
112,Нож для шинковки капусты,С двумя лезвиями ,С пластмассовой ручкой,250,55,images/products/knife_kapust_250.jpg ,Кухонная утварь
113,Сито-брызгогаситель с ручкой ,25 см.,"Крышка-экран от брызг для сковородок и кастрюль от масла. Эффективно защищает плиту, кафель, фартук от попадания горячих брызг. Крышка может использоваться в качестве сито.",220,19,images/products/maslo_brizg.jpg,Кухонная утварь
114,Сито-брызгогаситель с ручкой ,29 см.,"Крышка-экран от брызг для сковородок и кастрюль от масла. Эффективно защищает плиту, кафель, фартук от попадания горячих брызг. Крышка может использоваться в качестве сито.",260,19,images/products/maslo_brizg.jpg,Кухонная утварь
115,Сито-брызгогаситель с ручкой ,33 см.,"Крышка-экран от брызг для сковородок и кастрюль. Эффективно защищает плиту, кафель, фартук от попадания горячих брызг. Крышка может использоваться в качестве сито.",300,19,images/products/maslo_brizg.jpg,Кухонная утварь
116,Крышка для микроволновой печи,Крышка для СВЧ и холодильника,"Диаметр 23 см, пищевой пластик",150,86,images/products/svc_cup_150.jpg,Кухонная утварь
117,Аэратор для смесителя ,"С регулировкой потока воды, поворотный",С данной насадкой на кран Вы можете отмыть любую посуду,100,97,images/products/aerator_100_fish.jpg,Кухонная утварь
118,Аэратор для смесителя ,Широкий на 360 градусов,С данной насадкой на кран Вы можете рассеять воду для большего захвата площади,450,21,images/products/aerator_450.jpg,Кухонная утварь
119,Москитная сетка ,120х220см. На дверь,Два отрезка по 60х220см. На 5 мягких магнитных полосках по 25см. Накладка декоративная + набор кнопок,360,45,images/products/mosquit_door_360.jpg,Сад и Огород
120,Тапенер степлер садовый ,Для подвязки растений,"В наборе : Лента, скоба",1500,81,images/products/,Сад и Огород
121,Дождевик ,XXXL. На молнии,,200,94,images/products/,"Сад и Огород,На пикник"
122,Дождевик рыбацкий ,,,600,6,images/products/,"Сад и Огород,На пикник"
123,Батарейки C ( LR14) ,SmartBuy 1.5V. Цена за единцу,В блистере 2шт. Продается поштучно путем вскрытия упаковки в том числе. Алкалиновые,200,22,images/products/,Электротовары
124,Батарейки L ( LR20 ),SmartBuy 1.5V. Цена за единцу,В блистере 2шт. Продается поштучно путем вскрытия упаковки в том числе. Алкалиновые,200,85,images/products/,Электротовары
125,Батарейки CR2032,Camelion (3V),В блистере 1шт. ,100,64,images/products/,Электротовары
126,Батарейки AA,Duracell / Opticell simply 1.5V Цена за единцу,В блистере 2шт. Продается поштучно путем вскрытия упаковки в том числе. Алкалиновые,50,58,images/products/,Электротовары
127,Батарейки AAA,Duracell / Opticell simply 1.5V Цена за единцу,В блистере 2шт. Продается поштучно путем вскрытия упаковки в том числе. Алкалиновые,50,57,images/products/,Электротовары
128,Замок велосипедный,Открывается с помощью ключа,В комплекте пара ключей. Цвет синий и красный на выбор,300,75,images/products/,"На пикник,Интсрументы"
129,Нож фигурный пластмассовый,Для резки овощей,,150,5,images/products/,Кухонная утварь
130,Смазка проникающая ,230ml. UP 40,,300,11,images/products/,Инструменты
131,Подставка под горячее,,,100,4,images/products/,Кухонная утварь
132,Смазка проникающая ,120ml. UP 40,,200,25,images/products/,Инструменты
133,Губка дял обуви Salton,Прозранчая с пропиткой,,100,21,images/products/,Средства для ухода
134,Губка дял обуви Salton,Черная с пропиткой,,100,72,images/products/,Средства для ухода
135,Silver мазь с губкой,Черная ,,150,24,images/products/,Средства для ухода
136,Silver мазь с губкой,Белая,,150,85,images/products/,Средства для ухода
137,Silver мазь с губкой,Коричневая ,,150,62,images/products/,Средства для ухода
138,Silver мазь с губкой,Бесцветная  ,,150,21,images/products/,Средства для ухода
139,Silver шайба,Черная ,,150,95,images/products/,Средства для ухода
140,Silver шайба,Корчиневая,,150,53,images/products/,Средства для ухода
141,Silver шайба,Бесцветная  ,,150,93,images/products/,Средства для ухода
142,Kiwi шайба,Черная ,,150,40,images/products/,Средства для ухода
143,Дезодарант обувной,Антибактериальный CHIST,,260,32,images/products/,Средства для ухода
144,Водотталкивающая пропитка,CHIST универасльный,,300,65,images/products/,Средства для ухода
145,Антимоль шарики-таблетки 100 г ,"Эти шарики-таблетки предназначены для эффективной защиты от моли и других насекомых, повреждающих ткань. Они специально разработаны для отпугивания и предотвращения заражения и повреждения одежды, постельного белья и других тканей вредителями. Таблетки просты в использовании, обеспечивают длительное действие и обеспечивают спокойствие за сохранность ценных тканей.","Преимущества:

1. Эффективен против взрослых особей и личинок, предотвращая появление новых вредителей.
2. 6 месяцев действия.
3. Быстродействующий.
4. Надежная защита.
5. Доступный.
6. Удобное применение без необходимости дополнительного смешивания или подготовки.

Бренд
Greenfield",100,20,images/products/greenfield_shariki.jpg,Инсектициды
146,Ловушка для тараканов ДОХС 6 шт ,"Препарат ""Оборонхим-контейнеры"" является эффективным инсектицидом, предназначенным для уничтожения тараканов. Он особенно рекомендуется для применения в помещениях с повышенными требованиями к гигиене, таких как жилые помещения, детские учреждения, предприятия общественного питания, ветеринарные клиники и другие объекты, где содержатся животные.","Препарат представляет собой небольшие пластиковые контейнеры с приманкой внутри. Они легко устанавливаются в местах скопления тараканов, таких как кухня, ванная комната, коридоры и спальни. Контейнеры не выделяют вредных испарений и не отравляют воздух. Они также не пачкают поверхности и не вызывают аллергических реакций.

Принцип действия препарата заключается в том, что тараканы заползают в контейнеры, едят приманку, а затем возвращаются в свою колонию. Они становятся носителями инсектицида, который остается на их лапках и в пищеварительной системе. Зараженные тараканы становятся носителями инсектицида и вызывают эпидемию, которая убивает всю колонию. Массовая гибель тараканов наступает примерно через 2 дня после заражения.

Продолжительность действия контейнеров составляет не менее 3 месяцев, после чего их нужно заменить. Контейнеры следует размещать в местах, недоступных для детей и домашних животных.

Контейнеры-ловушки имеют размеры 5х5 см и изготовлены из высокопрочного пластика. Они содержат 0,05% фипронила в качестве действующего вещества, а также пищевые компоненты в составе до 100%.

Препарат ""Ловушка для тараканов ДОХЛОКС 6 шт"" имеет срок годности в течение 3 лет.",,46,images/products/lovushka_doxs.jpg,Инсектициды
147,Липкая лента-мухолов КАПКАН,"Летом проблема нашествия мух становится более чем актуальной. Опасность, которую в себе таят мухи заключается в том, что они являются переносчиками большого количества очень опасных заболеваний (полиомиелит, яйца гельминтов, холера, глисты и др.). Заражение человека обычно происходит путем переноса на лапках мухи возбудителей заболеваний.","Вступая в борьбу с мухами в первую очередь необходимо соблюдать санитарно-гигиенические нормы и правила. Мыть руки, избавляться от мусора, убирать неприкрытую пищу со стола, производить санитарную обработку помещения. Обычно выделяют два основных принципа борьбы с мухами: дезинсекция (метод, основанный на использовании биологических и химических веществ) и фумигация (использование отравляющих репеллентов, дымовых шашек и спиралей).

Для борьбы с мухами в жилых помещениях обычно стараются выбрать наиболее безопасные для здоровья человека методы. Одним из таких методов является использование липких лент.

Основное преимущество ленты от мух КАПКАН заключается в ее полностью натуральном составе. Не токсичное содержание ленты позволяет ее использовать в детских и больничных учреждениях. Принцип работы данного средства борьбы с мухами до гениальности прост. В производстве ленты используется экстракт меда, задачей которого привлекать насекомое. Далее привлеченное запахом насекомое попадает на ленту, которая в обеих сторон покрыта липким слоем. Лапки насекомого намертво приклеиваются и оно уже не в состоянии выбраться с поверхности ленты. Таким образом, мы избавляемся от надоедливого и опасного насекомого быстро, просто и недорого. Стоит заметить, что использование липких лент - это один самых дешевых способов борьбы с мухами.


Способ использования липучки для мух

Разместить 2-3 липкие ленты на каждые 10 квадратных метров площади. Произвести замену лент через 30 суток.",20,41,images/products/muxolovka_kapkan.jpg,Инсектициды
148,ИСКРА ВРК Золотая 1мл от насекомых-вредителей,От ТЛИ И БЕЛОКРЫЛКИ,"С приходом весенних дней просыпается не только природа и растительный мир, но и садовые и лесные насекомые-вредители. Деформированные и надъеденные листья деревьев и кустарников, поражения стеблей, плоды с червоточинами - это лишь малая часть признаков атаки вредителей. К числу опасных для сельского хозяйства вредителей-насекомых, встречающихся на территории России, можно отнести примерно 700 видов. Большинство из них представляют большую опасность для растений и деревьев. Полного их истребления добиться практически невозможно, но контролировать их численность на своем садовом участке просто необходимо. Благодаря научным исследованиям методы борьбы с насекомыми разделили на четыре основных типа: агротехнические, биологические, механические и химические. Существуют такие виды насекомых, размножение которых происходит сразу в больших количествах. Поэтому атаки на посевы таких насекомых сразу приобретают массовый характер и могут полностью уничтожить посевы культурных растений, нанося огромный убыток сельскому хозяйству. Для борьбы с насекомыми на садово-огородном участке, когда характер атак приобретает массовый характер, чаще прибегают к химическому способу. Смысл химического способа сводится к обработке садовых растений различными ядохимикатами. Обработку растений обязательно проводить в перчатках и желательно в респираторе и очках.  Налейте в ведро 1-2 литра чистой воды, вскройте ампулу, вылейте в ведро с водой и тщательно перемешайте. Для получения максимального эффекта опрыскайте растения в соответствии с таблицей.
",50,87,images/products/iskra_50.jpg,Инсектициды
149,Инсектоакарацидное средство ФОРСАЙТ,универсальное 50 мл,"Современный отечественный препарат истребительного характера. Хорош для барьерной обработки по применению инсектоакарицидного средства.

Средство "" ФорсСайт"" - это концентрат эмульсии в виде прозрачной жидкости светло-коричневого цвета, содержащий в качестве действующего вещества (ДВ) фосфорорганическое соединение фентион (25%), а также антиоксидант, стабилизатор, отдушку, растворитель.

Объем: 50 мл.

Применение:

УНИЧТОЖЕНИЕ ТАРАКАНОВ

1.1. Для уничтожения тараканов используют 1,00% (по ДВ) рабочие водные эмульсии при расходе 100 мл/м2, обрабатывая выборочно поверхности в местах обнаружения, локализации и на путях перемещения насекомых. Особое внимание уделяют отверстиям и щелям в стенах, в дверных коробках, порогах, вдоль плинтусов, в облицовочных покрытиях, а также вентиляционным отдушинам, местам стыка труб водопроводной, отопительной и канализационной систем.

1.2. Обработку проводят одновременно во всех помещениях, заселенных тараканами. При высокой и очень высокой численности обрабатывают смежные помещения в целях профилактики: для предотвращения миграции и последующего заселения их тараканами.

1.3. Повторные обработки проводят при появлении насекомых.

2. УНИЧТОЖЕНИЕ МУРАВЬЕВ

Для уничтожения рыжих домовых и других видов муравьев, которые часто проникают в помещения, обрабатывают пути передвижения (""дорожки"") или места скопления. Используются рабочие эмульсия 0,5% (по ДВ) концентрации.

Обработки повторяют при появлении муравьев

3. УНИЧТОЖЕНИЕ КЛОПОВ

3.1. Для уничтожения клопов используют 0,50% (по ДВ) водные эмульсии препарата. При незначительной заселенности помещений постельными клопами обрабатывают лишь места их обитания; при большой заселенности и в случае облицовки стен сухой штукатуркой обработке подлежат также места их возможного расселения; щели вдоль плинтусов, бордюров, места отставания обоев, вокруг дверных, оконных рам и вентиляционных решеток, щели в стенах, мебели, а также ковры с обратной стороны.

3.2. Постельные принадлежности не обрабатывать!

3.3. Одновременную обработку всех помещений проводят лишь в общежитиях, где возможен частый занос насекомых.

3.4. Повторные обработки проводят при обнаружении клопов.

4. УНИЧТОЖЕНИЕ БЛОХ

4.1. Для уничтожения блох используют 0,25% (по ДВ) рабочую водную эмульсию, обрабатывая стены (на высоту до 1 м), поверхность пола в местах отставания линолеума и плинтусов, щели за плинтусами, ковры, дорожки с обратной стороны.

4.2. При обработке захламленных подвалов эти помещения предварительно по-возможности очищают от мусора, а затем – тщательно орошают.

4.3. Повторные обработки проводят по энтомологическим показаниям.

5. УНИЧТОЖЕНИЕ МУХ

5.1.Для уничтожения имаго комнатных или других видов мух используют 0,25% (по ДВ) рабочую водную эмульсию, которой орошают места посадки мух в помещениях, а также наружные стены строений, мусоросборники, мусорокамеры и сандворовые установки.

5.2. Норма расхода эмульсии составляет 50-100 мл/м2 в зависимости от численности мух и типа обрабатываемой поверхности.

5.3. Для уничтожения личинок мух обрабатывают 0,1% (по ДВ) эмульсией места их выплода (выгребные ямы, отходы, пищевые отбросы) с интервалом 1 раз в 20-30 дней.

5.4. Норма расхода – 1 л/м2 при толщине отбросов до 50 см. При обработке выгребов глубиной 3-5 м расход увеличивают до 5-10 л на 1 м2.

5.4. Повторные обработки проводят при появлении окрыленных мух в помещении.

6. УНИЧТОЖЕНИЕ КОМАРОВ

6.1. Для уничтожения имаго комаров используют 0,06% (по ДВ) рабочую водную эмульсию, которой орошают места посадки комаров в помещении, а также наружные стены строений или внутри ограждений для мусорных контейнеров, где в жаркое время укрываются комары.

6.2. Для уничтожения личинок комаров используют 0,035% (по ДВ) водные эмульсии, которые равномерно разбрызгивают по поверхности закрытых городских водоемов: подвалов жилых домов, противопожарных емкостей или открытых водоемов нерыбохозяйственного значения, где размножаются личинки комаров.

6.3. Норма расхода составляет 100 мл на 1 кв.м. поверхности воды.

6.4. Повторные обработки проводят по энтомологическим показаниям – появлении живых личинок комаров. Повторяют обработки не чаще 1 раза в месяц.

7. УНИЧТОЖЕНИЕ КРЫСИНЫХ КЛЕЩЕЙ

7.1. Для уничтожения крысиного клеща используют 0,50% (по ДВ) водную эмульсию, которой орошают – лазы, трубы различных коммуникаций, плинтусы, стены и полы вдоль них, а также места возможного скопления клещей – обогреваемые участки стен и полов около отопительных приборов и тепловых коммуникаций, нижнюю часть мебели, рабочие столы, которые обрабатывают целиком, включая имеющиеся в них ящики. При наличии фальшпокрытий, за которыми могут перемещаться грызуны, потолки и стены также подлежат обработке.

7.2. Норма расхода составляет не менее 100 мл рабочей водной эмульсии на 1 м2 обрабатываемой поверхности.

7.3. Повторную обработку проводят по показаниям, но не ранее, чем через 10-15 суток после первой.",,9,images/products/forsait_50ml_200.jpg,Инсектициды
150,Инсектицидный порошок Gektor,против постельных клопов 500мл ,,,9,images/products/gektor_klop_1000.jpg,Инсектициды
151,Инсектицидный порошок Gektor,против постельных тарканов 500мл ,,,21,images/products/gektor_tarkan_1000.jpg,Инсектициды
152,Жидкость от комаров 45 ночей  ,ЧИСТЫЙ ДОМ без запаха,,200,42,images/products/clean_home_water_30-nights.jpg,Инсектициды
153,Жидкость от комаров 30 ночей ,ЧИСТЫЙ ДОМ без запаха,,180,80,images/products/clean_home_water_45-nights.jpg,Инсектициды
154,Гель от тараканов и муравьев ,ДОМОВОЙ шприц 30гр,"Универсальное средство для уничтожения тараканов и муравьев. Приманка содержит активное вещество, поедая которую тараканы и муравьи заражаются и заражают до 50 сородичей. Шприц рассчитан на обработку 30-40 кв.м.",100,99,images/products/domovoy_gel_30gr.jpg,Инсектициды
155,Герольд 5 мл амп.,"от яблонной плодожорки, боярышницы и других вредителей","Герольд – специализированный препарат, предназначенный для борьбы с гусеницами и защиты от них. Применяется для опрыскивания садов в период формирования бутонов и цветения для борьбы с плодожоркой и листоверткой. На овощных, цветочных и декоративных культурах Герольд применяют при обнаружении вредителей в течение всего сезона.",50,40,images/products/,Инсектициды
156,Гель от тараканов ,"«Дохлокс», 30 г","Гель выпускается в форме геля и помещен в специальный шприц, что делает его использование более удобным. Активное действующее вещество геля — фипронил. Принцип работы препарата: при попадании в организм насекомого, фипронил начинает замедление работы нервных импульсов насекомых. Таким образом, происходит нарушение работы всех органов, в том числе и пищеварительных. Заражаясь насекомое на лапках переносит активное вещество в место обитания, чем способствует заражению всей колонии.",100,14,images/products/,Инсектициды
157,Гель от тараканов ,«Домовой» 85 г ,"Преимущества:
Быстрый и надежный результат: гель привлекает тараканов своим ароматом и быстро их уничтожает. Удобство применения: гель легко наносится в труднодоступные места, где часто прячутся тараканы. Безопасность: гель не имеет запаха, не выделяет вредных веществ, что делает его безопасным для использования в присутствии людей и домашних животных.

Состав:
Фипронил — мощное инсектицидное вещество, которое эффективно уничтожает тараканов. Гелеобразователь — обеспечивает удобство нанесения и длительное сохранение геля в местах обитания тараканов. Консервант — препятствует порче геля и сохраняет его эффективность в течение длительного времени. Пищевые аттрактанты — привлекают тараканов и заставляют их потреблять гель. Стабилизатор — обеспечивает однородность геля и его оптимальную консистенцию.

Гель от тараканов ""Домовой"" — надежное и безопасное решение для борьбы с тараканами в вашем доме.",150,53,images/products/domovoy_gel.jpg,Инсектициды
158,Гель от муравьев ,Великий воин 45гр,,100,26,images/products/,Инсектициды
159,Гранулы от муравьев,Великий воин 50гр,"Инсектицид ""Великий Воин"" в форме гранул эффективно уничтожает муравьев в различных местах обитания, включая квартиры, дома, сады и теплицы. Его состав включает фипронил, обеспечивающий длительное действие до 2 месяцев. Гранулы можно размещать на подложках или рассыпать в местах обитания и на путях передвижения насекомых. При необходимости их можно смочить водой для получения пасты. Соблюдение мер предосторожности и хранение вне досягаемости детей и животных являются обязательными.",50,42,images/products/velikiy_voin_granuli.jpg,Инсектициды
160,Вар садовый 150 гр,"брикет для дезинфекции и заживления ран плодовых, декоративных деревьев","**Садовый вар ** – это пастообразный препарат на основе натуральных компонентов, который используется для заживления ран на плодовых и декоративных деревьях и кустарниках.

**Применение:**

Вар садовый применяется для обработки ран после обрезки, окулировки, прививок, а также для лечения солнечных ожогов, морозобоин и других повреждений коры деревьев.

**Действие:**

Вар садовый образует на поверхности раны защитную пленку, которая предотвращает проникновение патогенных микроорганизмов и способствует быстрому заживлению.

Кроме того, препарат содержит антисептические компоненты, которые уничтожают бактерии и грибки, которые могут вызвать гниение древесины.

**Преимущества:**

* Защищает раны от проникновения инфекций.
* Стимулирует образование каллуса и быстрое заживление.
* Устойчив к смыванию дождем.
* Безопасен для деревьев и окружающей среды.

**Способ применения:**

* Очистить рану от грязи и омертвевшей коры.
* Нанести вар садовый на рану толстым слоем.
* Для заделки глубоких ран можно добавить в вар садовый наполнитель, например, доломит или мел.

**Хранение:**

Хранить препарат в сухом, прохладном месте при температуре от 0 до +25°C. Срок годности – 2 года.",100,60,images/products/sadoviy_var.jpg,Инсектициды
161,Биотлин 3 мл амп.,"от тли на плодовых, ягодных, овощных и цветочных культурах","Биотлин – это системный инсектицид на основе действующего вещества имидаклоприд, который используется для борьбы с тлей на различных сельскохозяйственных культурах.

Применение:

Биотлин применяется для обработки плодовых, ягодных, овощных и цветочных культур от тли. Препарат можно использовать для опрыскивания растений в период вегетации.

Действие:

Имидаклоприд, входящий в состав Биотлина, проникает в сосудистую систему растений и разносится по всем их органам. Когда тля питается соком обработанных растений, она поглощает имидаклоприд, который нарушает работу ее нервной системы, вызывая паралич и гибель.

Биотлин обладает высокой системной активностью, что обеспечивает длительную защиту растений от тли.

Преимущества:

Быстродействующий препарат, эффект заметен уже через несколько часов после обработки. Длительная защита растений от тли – до 3 недель. Не вызывает резистентности у насекомых. Безопасен для человека, животных и окружающей среды.

Способ применения:

Для опрыскивания плодовых, ягодных и овощных культур: 1 мл препарата на 10 л воды. Для опрыскивания цветочных культур: 1 мл препарата на 5 л воды.

Хранение:

Хранить препарат в сухом, прохладном месте при температуре от 0 до +25°C. Срок годности – 3 года.",50,68,images/products/biotlin_50.jpg,Инсектициды
162,Аэрозоль инсектицид Варан Форте,универсальный (зелёный) 680 мл,"Высокоэффективное средство для уничтожения ползающих насекомых (тараканов, муравьёв, клопов и т.д.) и летающих насекомых (мух, москитов, комаров), обладающий остаточным действием. Без запаха.",400,60,images/products/,Инсектициды
163,Чистый дом аэрозоль,"""Супер"" универсальный 600мл ","Аэрозоль Дихлофос ЧИСТЫЙ ДОМ ""Супер"" - это универсальное инсектицидное средство, предназначенное для борьбы с различными видами домашних насекомых.

**Действие:**

* Эффективно уничтожает мух, комаров, тараканов, муравьев, моль, клопов, блох и других насекомых.
* Обладает быстрым действием и продолжительным эффектом.
* Уничтожает насекомых на всех стадиях развития.

**Преимущества:**

* Увеличенный объем баллона - 600 мл.
* Удобное в использовании аэрозольное распыление.
* Эффективно защищает от повторного появления насекомых.
* Специальная формула для уничтожения даже самых устойчивых насекомых.
* Безопасен для использования в жилых помещениях при соблюдении мер предосторожности.

**Применение:**

* Закрыть окна и двери в обрабатываемом помещении.
* Встряхнуть баллон и распылять средство в течение 5-10 секунд на поверхности, где наблюдаются насекомые.
* Покинуть помещение на 15-20 минут, после чего проветрить в течение 30 минут.
* Для создания защитного барьера распылить средство по периметру помещения, вдоль плинтусов и в местах возможного проникновения насекомых.

**Меры предосторожности:**

* Использовать средства индивидуальной защиты при работе с препаратом.
* Не вдыхать пары средства.
* Хранить препарат в недоступном для детей и животных месте.

Аэрозоль Дихлофос ЧИСТЫЙ ДОМ ""Супер"" - эффективное и надежное средство для защиты от домашних насекомых. Увеличенный объем баллона позволяет обработать большую площадь и обеспечить длительную защиту от вредителей.",500,74,images/products/clear_home.jpg,Инсектициды
164,Аэрозоль инсектицид Варан А,универсальный зол. без запаха 180 мл,"Варан Дихлофос — высокоэффективный инсектицид в форме аэрозоли для уничтожения летающих и нелетающих насекомых. Подходит для использования в помещениях различного назначения. Препарат воздействует на нервную систему всех стадий развития насекомых: от личинок до взрослых особей.

Преимущества:

• Остаточное действие до 60 суток.

• Без запаха, безопасен для использования в быту.

Рекомендации по хранению:
Хранить в сухом, прохладном месте, отдельно от лекарств и пищевых продуктов, недоступном для детей и животных.",150,77,images/products/,Инсектициды
165,Аэрозоль Дихлофо НЕО,600 мл,"Дихлофос НЕО – мощный инсектицид, выпускается в большой упаковке с удобным носиком, позволяющим легко применять его даже в труднодоступных местах дома. Он эффективно уничтожает домашних насекомых, обеспечивая чистоту и уверенность в вашем жилом пространстве. Эта безупречная формула без запаха может эффективно бороться как с летающими, так и с ползающими существами, уничтожая их, как зараженных насекомых, которые могут распространиться на остальную часть населения. После использования достаточно быстрой влажной уборки и утилизации тушек. Дихлофос создает защитный барьер на две недели, отпугивая тараканов и клопов из соседних помещений или подъездов.",500,45,images/products/,Инсектициды
166,Антимоль Эффект,"подвесной блок лаванда, Золушка","Антимоль Эффект подвесной блок лаванда — репеллентное средство на основе природных эфирных масел для защиты шерстяных и меховых изделий от моли и её личинок.

Преимущества

На основе природных масел. Антимольный эффект в течение 6 месяцев. Высокий дезодорирующий эффект.

Способ применения

Поместите контейнер в шкаф или в пакет с вещами. Используйте не более двух контейнеров на 0,5 м².

Меры предосторожности

Храните отдельно от пищевых продуктов, вдали от детей.",50,50,images/products/podvesnoy_blok.jpg,Инсектициды
167,Пластины детские от комаров,ДОМОВОЙ Эвкалипт Здоровый сон,"Полная гибель комаров в закрытых помещениях достигается за 10-20 минут в зависимости от площади помещения. Пластина может быть использована многократно, для дальнейшего использования пластину следует хранить в упаковке. Применение одной пластины рассчитано до 10 часов в непрерывном режиме работы в помещении площадью до 20 кв/м. Обесцвечивание пластины является показателем окончания срока действия",50,77,images/products/plastinki_baby_evkalipt.jpg,Инсектициды
168,"Ордан 12,5 мл пакет ","от болезней томатов, огурцов и картофеля ","Ордан - системный фунгицид контактного и лечебного действия, предназначенный для защиты томатов, огурцов и картофеля от широкого спектра грибных заболеваний.

Механизм действия:

Препарат содержит два биоактивных компонента, которые производят комплексное действие:

Предотвращают проникновение спор и мицелия гриба через поверхностные покровы растений Исцеляют поврежденные болезнью растения Угнетают и искореняют возбудителей инфекции, локализуя ее

Преимущества:

Высокая эффективность против фитофторы, пероноспороза и альтернариоза Низкая привыкаемость патогенов Малотоксичен для человека при соблюдении правил безопасности

Инструкция по применению:

Первое опрыскивание проводят на стадии появления 4-6 настоящих листьев. При появлении признаков инфицирования обработку проводят не позднее 2 суток после их обнаружения. Обработки повторяют каждые 7-10 дней.

Особенности применения:

Опрыскивание проводят утром или вечером в безветренную погоду. Препарат разводят в воде в соответствии с инструкцией. Раствор используют за один раз.

Период защитного действия:

1-2 недели в зависимости от степени поражения.

Срок ожидания до уборки урожая:

Указан в инструкции к препарату.",110,7,images/products/ordan_110.jpg,Инсектициды
169,Муравьед СУПЕР,гранулы 50гр,"Муравьед СУПЕР гранулы - высокоэффективное средство для борьбы с муравьями в помещениях и на открытом воздухе.

**Действующее вещество:**

* Хлорпирифос

**Механизм действия:**

Хлорпирифос - контактно-кишечный инсектицид, который после попадания в организм насекомого приводит к фосфорилированию белковых ферментов, содержащихся в нервных тканях. Это вызывает паралич и гибель муравьев.

**Преимущества:**

* Высокая эффективность против различных видов муравьев
* Удобная форма применения в виде гранул
* Уничтожает муравьев как при контакте, так и при поедании гранул
* Длительное защитное действие

**Инструкция по применению:**

1. Разложите гранулы Муравьед СУПЕР на подложки из картона, пластика или металла.
2. Раскладывайте ловушки в местах максимального скопления и вероятного появления муравьев.
3. Ловушки могут располагаться как внутри помещений, так и вне их.

**Меры предосторожности:**

* Использовать препарат только в соответствии с инструкцией.
* Избегать попадания препарата на кожу и в глаза.
* При работе с препаратом использовать средства индивидуальной защиты (резиновые перчатки, респиратор).
* Не допускать попадания препарата в водоемы.

**Класс опасности:**

3 (умеренно опасное вещество)",100,11,images/products/murrra_100.jpg,Инсектициды
170,Клещевит 4 мл амп.,для борьбы с клещами на различных культурах ,"Клещевит является эффективным препаратом для борьбы с клещами на различных видов растений. Он обладает контактно-кишечным действием, что позволяет ему уничтожать клещей, как на поверхности растений, так и внутри их тканей.

Применение Клещевита позволяет быстро прекратить питание клещей - это происходит уже через 6 часов после обработки. Полная гибель вредителей наступает через 3-4 дня. Это обеспечивает надежную защиту растений от клещей и предотвращает их повреждение.

Одним из преимуществ Клещевита является его минимальный срок ожидания - плоды и другие части обработанных растений можно употреблять в пищу уже через 2 дня после обработки. Это позволяет использовать препарат как для профилактики и лечения растений в саду, так и для комнатных растений.

Благодаря своей эффективности и безопасности, Клещевит является популярным средством для борьбы с клещами и находит применение как в сельском хозяйстве, так и в домашних условиях.",50,14,images/products/kleshevit_60.jpg,Инсектициды
171,Клей ALT,от грызунов 135гр,,250,93,images/products/alt_250.jpg,Инсектициды
172,Аэрозоль Дихлофос НЕО ,150 мл,"Современный Дихлофос на основе действующего вещества нового поколения, не позволяет насекомым адаптироваться и обеспечивает высокую эффективность. Обладает высоким нокдаун-эффектом (быстрое уничтожение) и продолжительным защитным действием на обработанных поверхностях. Уничтожает широкий спектр насекомых: мух, комаров, москитов, бабочек моли, тараканов, клопов, блох, муравьёв. Приятный аромат лаванды создаёт дополнительный комфорт при использовании.


Срок годности: 2 года

Объем: 150 см3",150,13,images/products/neo_150.jpg,Инсектициды
173,Циркон 1 мл амп.,стимулятор роста ,"""Циркон"" - это биорегулятор роста, который стимулирует обмен веществ в растениях и повышает их устойчивость к различным стрессовым факторам.

**Действие:**

* Активирует обмен веществ и улучшает рост растений.
* Стимулирует развитие корневой системы, цветение и плодоношение.
* Повышает устойчивость растений к неблагоприятным условиям окружающей среды (засуха, заморозки, УФ-излучение).
* Снижает уровень стресса и помогает растениям восстановиться после повреждений.
* Улучшает приживаемость саженцев и всхожесть семян.

**Преимущества:**

* Натуральный препарат на основе растительных экстрактов.
* Нетоксичен и безопасен для растений, пчел, полезных насекомых и рыб.
* Улучшает качество и количество урожая.
* Продлевает срок хранения плодов и цветов.

**Применение:**

""Циркон"" можно использовать для обработки растений в течение всего периода вегетации. Препарат разводят в воде в соответствии с инструкцией по применению и опрыскивают растения или поливают под корень.

**Меры предосторожности:**

* Использовать средства индивидуальной защиты при работе с препаратом.
* Хранить препарат в недоступном для детей и животных месте.

Стимулятор роста ""Циркон"" - незаменимое средство для повышения устойчивости растений к стрессам, улучшения роста и повышения урожайности.",50,15,images/products/cirkon_50.jpg,Инсектициды
174,Фумигатор универсальный ,Superbat с индикатором,"- Универсальный фумигатор, предназначенный для уничтожения мух, комаров и других насекомых.
- Можно использовать с пластинами от комаров или бутылками с жидкостью (Запрещается одновременное использование)
- Способ применения: вставьте пластину или бутылку в обесточенный электрический фумигатор, расположив соответствующим образом.
- Подключитесь к сети (220 В, 50 Гц) и включите на 15 минут, чтобы избавиться от комаров.
- Преимущества: универсальность, удобство, простота использования, хорошее соотношение цены и качества.",100,40,images/products/suberbat_fumigaot.jpg,Инсектициды
175,ФАС серная шашка,,,100,46,images/products/fas_shashka.jpg,Инсектициды
176,Фитоспорин-М,"супер-универсал, биофунгицид паста 100 гр ","Биофунгицид на основе полезных фитобактерий — эффективное решение для защиты растений от множества заболеваний, включая гнили, паршу, фитофтороз и мучнистую росу. Препарат проникает в ткани растений, вырабатывая биологически активные вещества, которые стимулируют рост и защищают от болезней.

Преимущества: безопасен для человека и животных, не вызывает привыкания у вредных микробов, подходит для профилактики и лечения. Обладает пролонгированным действием, оздоравливает почву и улучшает усвоение питательных элементов благодаря эликсиру плодородия Гуми.",100,25,images/products/fitospirin_m_100gr.jpg,Инсектициды
177,Табу Экстра,"от колорадского жука, проволочника и почвенных инфекций 10 мл","Табу Экстра — высокоэффективное средство защиты растений, специально разработанное для борьбы с колорадским жуком, проволочником и почвенными инфекциями. Благодаря своей выраженной системной активности, препарат проникает в проростки и молодые растения через корни, обеспечивая надежную защиту на всех этапах роста.

Преимущества Табу Экстра:

• Системная защита: Препарат проникает внутрь растения, что позволяет ему защищать не только поверхность, но и внутренние ткани от вредителей и болезней.

• Эффективность против вредителей: Табу Экстра эффективно борется с колорадским жуком и проволочником, предотвращая их повреждения и минимизируя потери урожая.

• Защита в уязвимый период: Препарат особенно полезен в критические моменты роста картофеля, когда растения наиболее подвержены атакам вредителей и болезней.

• Оптимизация питания: Табу Экстра способствует лучшему усвоению азота и проникновению влаги в растение, что приводит к увеличению количества клубней и повышению качества урожая.

Использование Табу Экстра обеспечивает надежную защиту картофеля, способствуя получению здорового и обильного урожая.",200,24,images/products/tabu_200.jpg,Инсектициды
178,Средство жидкий концентрат GEKTOR 50 мл,"для уничтожения клопов, блох, мух, комаров, муравьев ","Средство жидкий концентрат GEKTOR - это высокоэффективный инсектицид для уничтожения различных видов насекомых в бытовых и производственных помещениях.

Действие:

Эффективно уничтожает клопов, блох, мух, комаров и муравьев. Обладает контактным и кишечным действием, поражая нервную систему насекомых. Уничтожает насекомых на всех стадиях развития. Обладает длительным остаточным действием до 6 недель.

Преимущества:

Широкий спектр действия против различных видов насекомых. Высокая эффективность и длительное остаточное действие. Удобная форма концентрата для разведения в воде. Экономичный расход - 50 мл на площадь до 100 кв.м. Безопасен для использования в жилых помещениях при соблюдении мер предосторожности.

Применение:

Препарат разводят водой в соответствии с инструкцией по применению и используют для обработки помещений путем опрыскивания или протирания поверхностей.

Меры предосторожности:

Использовать средства индивидуальной защиты при работе с препаратом. Не вдыхать пары средства. Хранить препарат в недоступном для детей и животных месте.

Средство жидкий концентрат GEKTOR - эффективное и надежное средство для борьбы с насекомыми в различных помещениях. Широкий спектр действия, высокая эффективность и длительное остаточное действие делают его незаменимым помощником в борьбе с вредителями.",200,32,images/products/gektor_200.jpg,Инсектициды
179,Спирали от комаров ,Чистый дом 10шт,"Бездымные спирали от комаров применяются на улице на открытом пространстве с целью отпугивания летающих насекомых. Разработаны специально для комфортного отдыха на природе. Активное вещество, входящее в состав спиралей и выделяемое после поджигания, обеспечивает уничтожение летающего гнуса на длительное время.",150,75,images/products/spirali_clean_home_150.jpg,Инсектициды
180,Рефтамид Максимум ,Репеллент аэрозоль 3в1 147 мл ,"Универсальный препарат для защиты людей от нападения комаров, мошки, лесных и таёжных клещей. Содержит высокоэффективный действующий компонент, сохраняет своё действие в течение 4-5 часов. Средство наносится как на одежду, так и открытые участки кожи. В состав помимо активного компонента ДЭТА - 28%, включена усиливающая защитные свойства препарата ванильная отдушка.

Наносите Репеллент Рефтамид на кожу один раз в день, а на одежду используйте не более 1 баллона в день. Повторяйте не чаще, чем каждые 3-5 дней. Обратите внимание, что продукт обеспечивает неполную защиту от клещей.",250,10,images/products/reftamid_250.jpg,Инсектициды
181,Раёк 2 мл амп. ,"от парши, мучнистой росы и др. болезней плодовых культур","Преимущества и уникальные особенности:
1. Длительный профилактический и лечебный эффект от комплекса болезней растений.
2. Не вызывает образования «сеточки» на плодах, обеспечивая высокое качество продукции.
3. Быстрое проникновение в ткани растений и устойчивость к вымыванию дождем в течение 2 часов.
4. Гибкая дозировка: от 2 до 5 литров на дерево или 5 литров на 100 м² обрабатываемой площади, в зависимости от возраста и сорта растений.",50,42,images/products/raek.jpg,Инсектициды
182,Провотокс 40 г,пакет от почвенных вредителей (проволочника),"Средство «Провотокс» 40 г представляет собой специальный препарат, разработанный для борьбы с проволочником - вредителем, который может серьезно навредить урожаю картофеля. Препарат обладает высокой эффективностью в уничтожении личинок проволочника и способствует уменьшению повреждений клубней.

Один из преимуществ средства «Провотокс» заключается в его простоте использования. Для обеспечения долговременной защиты клубней достаточно разложить препарат в лунки при посадке картофеля. При этом он образует преграду для проволочника, предотвращая его проникновение к корням и клубням картофеля.

Использование средства «Провотокс» может значительно увеличить урожайность картофеля и улучшить его качество. Проволочник является одним из наиболее опасных вредителей картофельных полей, и его уничтожение с помощью «Провотокса» позволяет снизить потери и повреждения картофельного урожая.

Важно отметить, что применение средства «Провотокс» следует проводить с соблюдением указанных на упаковке инструкций и рекомендаций. Это позволит достичь максимальной эффективности препарата и обеспечить максимальную защиту клубней от проволочника.",100,16,images/products/provotoks.jpg,Инсектициды
183,Приманка Трикота Rubit,синий парафиновый брикет 160гр,,100,84,images/products/trikota_blue.jpg,Инсектициды
184,Приманка Трикота Rubit,зелёный тесто-сырный брикет 150гр,,100,66,images/products/trikota_green.jpg,Инсектициды
185,Приманка МЫШИНАЯ СМЕРТЬ ,зерно 200 г ,"Родентицид Тигард – эффективная ядовитая приманка, предназначенная для уничтожения мышей и крыс. Он выпускается в форме ярко-красных ядовитых зерен и подходит для домашнего и профессионального использования в различных условиях. Приманку стратегически размещают в местах активности грызунов, вдали от детей и домашних животных. Количество используемой приманки зависит от уровня присутствия грызунов.",100,58,images/products/rat_kill_red.jpg,Инсектициды
186,Приманка КРЫСИНАЯ СМЕРТЬ ,брикет в фильтр-пакетиках 200гр,"Приманка ""Крысиная Смерть"" — это высокоэффективное средство для борьбы с мышами, крысами и другими грызунами. Упакованная в удобные фильтр-пакетики, она представляет собой зерно злаковых культур с добавлением яда, что делает ее привлекательной для грызунов.

Ключевые характеристики:

- Быстрое действие: Приманка быстро привлекает грызунов благодаря привычной форме и вкусу. Первый эффект заметен уже через 3-7 дней после начала поедания.

- Высокая родентицидная активность: Специально разработанная формула обеспечивает надежное уничтожение грызунов, что позволяет эффективно решать проблему.

- Безопасность использования: В состав приманки входит битрекс — горький компонент, который не влияет на привлекательность для грызунов, но защищает приманку от поедания птицами и снижает риск случайного отравления домашних животных и людей.

- Эффект мумификации: После гибели грызуна происходит мумификация, что минимизирует риск появления неприятных запахов.

- Состав: Приманка содержит ароматизатор, дифенакум и пищевую приманку, что делает ее эффективной и безопасной при соблюдении инструкций по применению.

С ""Крысиной Смертью"" вы получите надежное и эффективное средство для контроля популяции грызунов в вашем доме или на даче, обеспечивая безопасность и комфорт для вас и вашей семьи. Не дайте шанса нежелательным посетителям — выберите ""Крысиную Смерть"" от Тигард!",100,57,images/products/rat_kill_blue.jpg,Инсектициды
187,Пластины от комаров ,«Домовой» 10шт.,"Эффективное и безопасное средство для уничтожения комаров в закрытых помещениях, в том числе в присутствии детей и людей с аллергией.

Преимущества:

Полное отсутствие запаха:** не раздражают дыхательные пути и не вызывают дискомфорта.
Быстрое действие:** комары начинают погибать через 10-15 минут после включения фумигатора.
Длительный срок действия:** одна пластина работает до 8-10 часов, непрерывно защищая помещение от комаров.
Большая площадь покрытия:** одна пластина эффективно защищает помещение площадью до 20 кв. м. даже при открытых окнах.
Удобство использования:** просто установите пластину в любой стандартный фумигатор.
Безопасность:** не содержит вредных химических веществ и токсинов.

Применение:

* Установите пластину в фумигатор и включите его в розетку.
* Комары начнут погибать через 10-15 минут.
* Одна пластина рассчитана на 8-10 часов непрерывной работы.
* Для защиты помещения площадью до 20 кв. м. достаточно одной пластины.

Состав:

* Пара-фенилендиамин 100%

**Форма выпуска:**

* Упаковка содержит 10 пластин

**Срок годности:**

* 3 года в невскрытой упаковке производителя

Меры предосторожности:

* Не использовать в помещениях, где есть открытое пламя или источники высокой температуры.
* Хранить в недоступном для детей месте.",50,56,images/products/domovoy_plastini_baby.jpg,Инсектициды
188,Пластины от комаров ,«Домовой» 10шт.,"Полная гибель комаров в закрытых помещениях достигается за 10-20 минут в зависимости от площади помещения. Пластина может быть использована многократно, для дальнейшего использования пластину следует хранить в упаковке. Применение одной пластины рассчитано до 10 часов в непрерывном режиме работы в помещении площадью до 20 кв/м. Обесцвечивание пластины является показателем окончания срока действия.",50,87,images/products/domovoy_plastini_baby_blue.jpg,Инсектициды
189,Пластины от комаров ,10шт. зеленые,"Полная гибель комаров в закрытых помещениях достигается за 10-20 минут в зависимости от площади помещения. Пластина может быть использована многократно, для дальнейшего использования пластину следует хранить в упаковке. Применение одной пластины рассчитано до 10 часов в непрерывном режиме работы в помещении площадью до 20 кв/м. Обесцвечивание пластины является показателем окончания срока действия.",30,69,images/products/green_30_plastini.jpg,Инсектициды
190,Доктор Робик 109,"cредство для выгребных ям и септиков, 75 г","Поддерживайте чистоту и эффективность своей выгребной ямы или септика с помощью ""Доктор Робик"" 109. Этот мощный биоактиватор содержит колонию бактерий, которые быстро и эффективно расщепляют органические вещества, включая бумагу, крахмал и мочевину.

**Преимущества:**

* **Мощное биоразложение:** Бактерии в ""Доктор Робик"" 109 эффективно расщепляют органику, предотвращая накопление осадка и неприятных запахов.
* **Устранение засоров:** Регулярное использование ""Доктор Робик"" 109 помогает предотвратить засоры вызванные органическими отложениями.
* **Сезонная очистка:** Идеально подходит для сезонной очистки выгребных ям и небольших септиков объемом до 1,5 кубометров.
* **Удобство использования:** Простой в использовании, не требует специального оборудования или знаний.
* **Безопасность:** Содержит безопасные для окружающей среды бактерии, которые не наносят вреда человеку или домашним животным.
**Инструкция по применению:**

* **Для септиков:** Высыпьте содержимое пакета непосредственно в септик или унитаз и смойте дважды.
* **Для выгребных ям:** Разведите содержимое пакета в ведре воды и вылейте в выгребную яму.

Повторяйте процедуру раз в месяц или каждые 40 дней для оптимальных результатов. Для повышения эффективности в начале сезона рекомендуется использовать ""Доктор Робик"" 109 в сочетании с ""Доктор Робик"" 509.

""Доктор Робик"" 109 — это естественное и эффективное решение для поддержания чистоты и работоспособности вашей выгребной ямы или септика.",200,45,images/products/robic_200.jpg,Инсектициды
191,Распылитель,подходит под бакалки 0.5-2л.,Используется для опрыскивания растений мелкодисперсным способом. Устанавливается на пластиковую бутылку любого объема.,50,54,images/products/raspilit_50.jpg,Кухонная утварь
192,Брусок абразивный двусторонний,"150мм. /6""","Брусок абразивный двусторонний РОКОТ 150мм /6"" — это отличный инструмент для заточки и правки режущих кромок различных инструментов, таких как ножи, топоры и строительный инструмент. Его двухсторонняя поверхность с разной степенью абразивности позволяет выполнять качественную заточку в несколько этапов, что обеспечивает идеальную остроту.

Износостойкий и долговечный материал бруска гарантирует долгий срок службы, а удобная форма и оптимальный размер делают его практичным в использовании. Этот точильный камень станет незаменимым помощником как для профессионалов, так и для домашних мастеров, позволяя поддерживать инструменты в отличном состоянии.",200,33,images/products/brusok_dvust_200.jpg,Кухонная утварь
193,Брусок абразивный двусторонний,"200мм. /6""","Брусок абразивный двусторонний РОКОТ 150мм /6"" — это отличный инструмент для заточки и правки режущих кромок различных инструментов, таких как ножи, топоры и строительный инструмент. Его двухсторонняя поверхность с разной степенью абразивности позволяет выполнять качественную заточку в несколько этапов, что обеспечивает идеальную остроту.

Износостойкий и долговечный материал бруска гарантирует долгий срок службы, а удобная форма и оптимальный размер делают его практичным в использовании. Этот точильный камень станет незаменимым помощником как для профессионалов, так и для домашних мастеров, позволяя поддерживать инструменты в отличном состоянии.",200,59,images/products/brusok_dvust_200.jpg,Кухонная утварь
194,Брусок точильный,малый 15 см,"Небольшой точильный камень имеет длину 15 см. Это инструмент для заточки ножей, ножниц и других режущих инструментов. Благодаря своим компактным размерам он портативен и удобен для выполнения различных задач по заточке. Точильный камень изготовлен из высококачественного материала, обычно представляющего собой комбинацию абразивных частиц и связующего вещества, что обеспечивает долговечность и эффективность. Его гладкая поверхность позволяет эффективно затачивать и хонинговать лезвия. Этот небольшой точильный камень станет надежным инструментом для поддержания остроты и функциональности ваших режущих инструментов как для профессионального использования, так и для домашней заточки.",100,89,images/products/brusok_odnost_100.jpg,Кухонная утварь
195,Зажигалка S&B, гнущаяся на блистере ,С возможностью заправки + предохранитель,200,6,images/products/zazig_kriv.jpg,Кухонная утварь
196,Зажигалка пьезо, АА батарейка (нет в комплекте),"Забудьте о постоянной необходимости покупать спички — зажигалка для газовой плиты с пьезоэлементом станет вашим надежным помощником на кухне! Этот удобный и безопасный гаджет позволяет легко и быстро поджигать конфорки, избавляя вас от хлопот с традиционными спичками.

Работа зажигалки осуществляется на батарейках, что обеспечивает длительное время использования без необходимости частой замены источника питания. Уникальная конструкция гарантирует, что как только вы отпустите кнопку, пламя мгновенно исчезает, что делает процесс поджигания абсолютно безопасным.

С помощью этой зажигалки вы сможете забыть о дыме, неприятных запахах и отходах, которые часто сопровождают использование обычных спичек. Кроме того, отсутствует риск возгорания близлежащих предметов, что особенно важно в кухонной обстановке.

Эта зажигалка не только функциональна, но и стильна, прекрасно вписываясь в любой интерьер кухни. С ней вы сможете легко и безопасно готовить любимые блюда, наслаждаясь комфортом и удобством. Сделайте свою кухню более безопасной и экономичной с помощью этой инновационной зажигалки!",250,29,images/products/zazig_aa_250.jpg,Кухонная утварь
197,Зажимы для пакетов ,6 шт.,"Зачастую после вскрытия упаковки от сыпучих продуктов возникает вопрос о дальнейшем хранении. Пересыпать в другую емкость или оставить в заводской, но с риском просыпать содержимое пакета? Просыпанные крупы, кофе, стиральный порошок, пролитое молоко... Грязь и незапланированная уборка это лишь часть проблемы. С нарушенной целостностью упаковки срок годности товара резко сокращается и появляется риск отравиться просроченным пищевым продуктом. Для сохранения биологической ценности продуктов и предохраняя их от быстрой порчи необходимо соблюдать правила хранения продуктов. Не измененный внешний вид продукта, хранящегося с нарушением правил хранения, не всегда означает высокую степень его свежести. Неправильное хранение продуктов вызывает быстрое размножение на них микроорганизмов и выделение токсинов, которые вызывают тяжелые пищевые отравления. В зависимости от вида продукта и способа его обработки выбирается необходимый способ хранения. Так сыпучие продукты, такие как крупы и макаронные изделия быстро впитывают посторонние запахи от других продуктов и поэтому хранить их необходимо в герметичных емкостях.

Пластмассовые зажимы для пакетов

Для сохранения порядка на кухне и обеспечения свежести и сохранности продуктов были разработано до гениальности простое и необходимое в каждом доме устройство. Пластмассовые зажимы для пакетов. Изготовлены защелки из цветной пластмассы и принцип работы схож с канцелярскими зажимами. Герметично фиксируются и обеспечивают сохранность продуктов. Прочные, просты в использовании, пригодны для многоразового использования. 

Способ применения: Отступить от края открытого пакета небольшое расстояние и установить защелку для пакетов.",50,20,images/products/zazim_50.jpg,Кухонная утварь
198,Зубочистки в пластмассовой ,в банке 100 шт,"Высококачественные бамбуковые зубочистки гладкие, без заусенцев и заточены с обеих сторон. Они эффективны при удалении остатков пищи и устранении микроорганизмов из полости рта.",100,81,images/products/,Кухонная утварь
199,Камень точильный,"""Лодочка"" 2-х сторонний","Точильный камень используется для ручной заточки различных инструментов, таких как косы, кухонные ножи, ножницы, топоры, секаторы и лопаты. Это особенно полезно для удаления металла, восстановления формы лезвия, выпрямления зазубрин, сколов, вмятин и заусенцев. При заточке точильный камень советуют смачивать водой. Для подготовки камня его следует потереть крупнозернистым абразивным кругом.

Абразивное зерно изготовлено из электрокорундовых материалов.",200,17,images/products/brusok_dvust_200_lodka.jpg,Кухонная утварь
200,Ключ для винтовых крышек ,универсальный,"Универсальный ключ для завинчивающихся крышек – удобный инструмент, позволяющий легко открывать и закрывать банки с завинчивающимися крышками одной рукой. Этот ключ предназначен для крепления к крышке банки, и, просто сжав ручки и повернув, вы сможете легко снять или закрепить крышку без риска повредить стеклянную банку или испортить крышку. С помощью универсального ключа вы можете легко открывать банки, сохраняя свежесть таких продуктов, как джемы или соленья. Он совместим со стандартными крышками различных размеров, что делает его универсальным и практичным инструментом для любой кухни.",200,16,images/products/otkrivasha_200_all.jpg,Кухонная утварь
201,Ложка деревянная столовая,19 см худ.роспись Хохлома,"Традиционная расписная деревянная хохломская ложка. Она изготовлена из натурального дерева и покрыта пищевым лаком, что делает ее пригодной для сервировки стола и различного использования на кухне. Ложку можно использовать для салатов, сыпучих и холодных блюд, меда и т. д. Она может стать отличным подарком друзьям, коллегам и близким. Кроме того, в России в качестве музыкальных инструментов иногда используются деревянные ложки. Размеры этой ложки 190 х 55 х 35 см.",150,58,images/products/xoxlomaffork_150.jpg,Кухонная утварь
202,Ложка бук,44cm,,150,94,images/products/lozzka_bukk.jpg,Кухонная утварь
203,Ложка нерж. гарнирная,JYRAD 33 см,"Кухонная ложка используется для смешивания большого количества готовой пищи. Он изготовлен из нержавеющей стали, что делает его прочным и устойчивым к ржавчине. Ложка имеет петельку для подвешивания, что позволяет удобно хранить ее. Его также можно мыть в посудомоечной машине, что обеспечивает удобную и беспроблемную очистку. Общая длина ложки 33 см.",200,8,images/products/lozzka_jerrr.jpg,Кухонная утварь
204,Ложка-шумовка ,Jyrad,"Шумовка кухонная изготовлена из нержавеющей стали, что делает ее прочной и долговечной. Она не ржавеет и не влияет на вкус или качество пищи. Основное назначение шумовки - извлекать пищу из посуды с жидкостью, так чтобы она не задерживала лишнюю жидкость. Это идеально подходит для поедания пельменей, вареников или других пастообразных продуктов. Также шумовка полезна для удаления пены с кипятка или для извлечения овощей или фруктов из банок. Небольшие размеры шумовки - 35 см в длину, 11 см в диаметре и 3 мм в диаметре отверстий - делают ее удобной в использовании и хранении, она не занимает много места на кухне.",200,20,images/products/lozka_shum.jpg,Кухонная утварь
205,Ложка шумовка ,22.5 см ,,100,77,images/products/lozka_shum_100.jpg,Кухонная утварь
206,Овощечистка-овощерезка," 2 в 1
","На сегодняшний день существует огромное количество приспособлений, способных сократить время, которое мы тратим на решение бытовых вопросов. Большее количество времени чаще всего у нас отнимает приготовление пищи. Особенно такой этап, как подготовки продуктов для приготовления, а именно чистка и нарезка овощей. Среди всего многообразия предлагаемого нам производителями кухонных приспособлений, предназначенных для решения вышеупомянутой проблемы, сложно остановить свой выбор сразу на какой-то определенной модели. В первую очередь, стоит определить бюджет, затем понять насколько объемным может быть это устройство (иначе, говоря позволяют ли габариты кухни приобрести массивный агрегат) и наконец, насколько эффективно будет использоваться. Не всегда имеет смысл приобретать огромный комбайн или мультирезку. Безусловно, это многофункциональные устройства, способные в разы сократить время приготовления пищи. Но существует и существенный минус. Места они занимают не мало. А вот такая вещь, как ручная овощечистка-овощерезка 2 в 1 станет помощницей номер один. Места занимает мало, легко очищается с помощью воды и моющего средства и стоимость ее очень низкая. С помощью такой двухсторонней овощечистки возможно не только в считанные минуты почистить овощи, но и нарезать их длинной соломкой, например, для корейского салата.

Корпус овощечистки-овощерезки выполнен из прочного пластика яркого позитивного цвета, а лезвия из нержавеющей стали. Благодаря качественному пластику корпус не подвержен деформации и возможно использование овощечистки-овощерезки для нарезки более плотных продуктов (морковь, свекла).",100,75,images/products/ovoshecitka_100.jpg,Кухонная утварь
207,Овощечистка с деревянной ручкой ,20см Хохлома,"Фонарь спроектирован и рекомендован для велосипедистов, в комплекте поставляется крепление  на руль. Незаменим для любителей ночных велопрогулок.  Два режима работы: «100%»  «строб» Хорошо сбалансированный свет 1 Вт светодиода в режиме «100%» позволит комфортно перемещаться на средней скорости в полной темноте, своевременно обозначая ямы и неровности дорог, а режим «строб» поможет обезопасить езду в светлое время суток.   Четыре элемента питания R03 (в комплект не входят) обеспечат светом в пути продолжительное время (не менее 4 часов). Влагозащищенная конструкция корпуса из алюминия убережет фонарь в дождливую погоду. Технические характеристики: элементы питания – 4хААА (R03), Источник света – яркий светодиод 1 Вт. Упаковка:индивидуальная упаковка – блистер",150,2,images/products/ovoshecitka_150_xoxloma.jpg,Кухонная утварь
208,Овощерезка ,с силиконовой ручкой,Фигурная резка,200,19,images/products/ovorezka_figur.jpg,Кухонная утварь
209,Ножеточка универсальная,для черновой и финальной заточки,"Представляем универсальную ножеточку, которая станет вашим незаменимым помощником на кухне! С её помощью вы сможете быстро и безопасно затачивать кухонные ножи, возвращая им остроту всего за считанные минуты. Эта ножеточка идеально подходит как для черновой, так и для финальной заточки, позволяя вам нарезать продукты максимально тонко и аккуратно.

Компактные размеры (21,5х5х6 см) делают её удобной для хранения и использования. Обратите внимание: во время заточки не следует надавливать на нож, чтобы избежать повреждения лезвия. После завершения процесса заточки рекомендуется аккуратно вымыть ножи и вытереть их насухо для сохранения их качества.



Учтите, что при заточке керамических ножей керамическое покрытие может стираться — это нормальное явление. С нашей ножеточкой ваши ножи всегда будут в отличном состоянии, готовые к любым кулинарным задачам!",200,82,images/products/knife_zatoch_200.jpg,Кухонная утварь
210,"Ножеточка Рыбка
",универсальная,"Ножеточка универсальная Рыбка на блистере

Точилку ""Рыбка"" можно безопасно использовать для ножей и ножниц, она предназначена специально для заточки лезвий. При чистке ручной точилки для ножей используйте мягкую ткань или щетку и избегайте попадания влаги внутрь заточного устройства. Однако важно отметить, что ножеточка может не подойти для заточки керамических ножей или ножей с зубчатыми лезвиями.",100,78,images/products/ribka_tochilka.jpg,Кухонная утварь
211,Мельница механическая,для перца и специй из стали,,400,46,images/products/melnica_steel.jpg,Кухонная утварь
212,Машинка закаточная ,полуавтоматическая Кредмаш ,"Закаточная машина «Кредмаш» — прочный и эффективный инструмент, созданный специально для укупорки стеклянных банок при домашнем консервировании. Благодаря полуавтоматическому перемещению роликов он позволяет легко консервировать банки, не требуя чрезмерного давления на ручки, что делает его доступным для людей с ограниченными физическими возможностями. Конструкция машины обеспечивает защиту горлышка банки от сколов, гарантируя надежную герметизацию. Изготовленный из долговечной углеродистой стали, он дополнительно усилен защитным и декоративным покрытием. Металлический ролик, используемый в машине, продлевает срок ее службы и обеспечивает герметичную сохранность.",1500,59,images/products/kremdash.jpg,Кухонная утварь
213,Машинка закаточная ,полуавтомат Хозяюшка Мещёра-1,"Регулируемый закаточный ролик, позволяет применять, для закрутки, крышки различных производителей.

Способ применения:

Разместить закаточную машинку сверху на крышку, помещенную на (предварительно простерилизованную и заполненную) банку. Сделать не меньше 7 кругов ручкой закаточной машинки вокруг банки. Остановка ручки служит сигналом окончания закрутки.



""Мы то, что мы едим"", произнося эти слова Гиппократ имел в виду не совсем тот смысл, который эти слова приобрели сегодня. Сейчас на полках магазинов мегаполисов можно найти абсолютно все. Не в зависимости от сезона супермаркеты предлагают огромный выбор экзотических фруктов и овощей. На любой вкус и кошелек. Но в последнее время обилие генетически модифицированных продуктов ставит нас в тупик. Если задаться целью правильного и здорового питания, то сразу сталкиваешься с проблемой - крайне сложно найти полезные, свежие, экологически чистые и главное не ГМО продукты. Чтобы быть уверенными в ""чистоте"" употребляемых в пищу продуктов существует несколько возможных путей решения. Многие предпочитают выращивать фрукты-овощи у себя в на садово-огородных участках. Так появляется уверенность в качестве. Но для обретения этой уверенности необходимо иметь земельный участок, много свободного времени, терпения и сил. А для тех кто не имеет ни времени и ни дачных участков, но стремиться улучшить качество своей жизни, могут воспользоваться предложениями фермерских хозяйств, которые дают возможность приобретения гарантировано качественных продуктов.

Но запастись свежими продуктами впрок невозможно, потому что проходят сроки их хранения, проходит сезон их созревания. Возможный способ решения - это консервирование. Салаты, варенье, компоты. Главным условием качественного консервирования является использование банок и крышек отличного качества. А чтобы сам процесс был не менее качественным и продукты не испортились раньше наступления холодов, необходимо с умом подойти к выбору закаточной машинки для обеспечения герметичной закатки.

Существуют три вида закаточных машин: ручные, полуавтоматические и автоматические. Как показывает статистика, наиболее часто выбираемыми являются полуавтоматические закаточные машинки. В отличие от ручных они не требуют дополнительных подкручиваний для достижения полного затягивания и герметичного закрытия банок.",500,94,images/products/zakat_500.jpg,Кухонная утварь
214,Машинка закаточная ,автомат с подшипником Виктория №1,"Закаточная машина автоматическая «Виктория №1» предназначена для герметизации стеклянных банок с горлышком типа - 82 и металлическими крышками при консервировании в домашних условиях. Он запечатывает банку, поворачивая ручку с роликом автоматической подачи до упора. Машина автоматически отключается в конце укупорки, устраняя необходимость возвращать ее в исходное положение. В комплект входит силиконовый противоскользящий коврик для банки. Рекомендуемые крышки из листового металла (жести) для этой машины: ЭЖК-18, ЭЖК-20 и ЭЖК-22.",1500,38,images/products/zakat_1500.jpg,Кухонная утварь
215,Держатель,для нарезки лука ,"Держатель является отличным инструментом для того, чтобы нарезать лук не порезав пальцы. Нарезка становится легче и ровнее, нежели просто с ножом и придерживая рукой.",100,16,onion_cutt.jpgonion_cutt.jpg,Кухонная утварь
216,Щипцы,для извлечения костей из рыбы,"Кулинарные щипцы и пинцеты — универсальные инструменты для кухни, дома и сада. Они эффективно очищают филе от костей и чешуи, сохраняя ногти и маникюр. Изготовленные из нержавеющей стали, их можно мыть в посудомоечной машине, и они пригодятся для различных задач, например для удаления перьев с домашней птицы или шерсти с дичи. Благодаря удобной рукоятке и точному кончику они подходят как поварам-любителям, так и профессионалам.",150,38,images/products/fish_ship.jpg,Кухонная утварь
217,Чесночница ,"орехокол b косточковыдавливатель
",,,50,images/products/orexx_220.jpg,Кухонная утварь
218,Фильтр в водослив нерж,ЕВРО 70 мм ,"Металлический фильтр предназначен для предотвращения засорения труб путем улавливания отходов, волос и остатков пищи на кухне и в ванной комнате. Он плотно прилегает ко дну, предотвращая попадание в слив мелкого мусора и волос, что облегчает очистку раковины или душа. Его характеристики включают общий диаметр 70 мм и минимальный диаметр сливного отверстия раковины/раковины 37 мм.",50,3,images/products/sito_standart_steel.jpg,Кухонная утварь
219,Трубочки с гофр., 5*210 за 100 шт неон,"Самый распространенный атрибут любого питейного заведения, которое имеет в своем меню коктейли - это трубочка (или как еще ее называют соломинка). Не в зависимости от того крепкий коктейль или молочный мы привыкли их ассоциировать именно с соломинкой. Интересный факт, что они вошли в обиход очень давно и их прототипы датированные 4-6 веком нашей эры находят при проведении археологических раскопок и по сей день. Правда, в те далекие времена они изготовлялись либо из дорогих металлов (золота и серебра) и были доступны только высшим богатым слоям населения, либо использовали обычную сухую солому, отсюда и второе название - соломинка. Соломинки вполне справлялись со своими функциональными назначениями и самое главное практически ничего не стоили, если бы ни одно но - они быстро размокали и становились непригодными. Но тем не менее, не смотря на такой существенный недостаток, до 19 века при подаче коктейлей использовали именно солому. Пока 1888 году не было предложено американским изобретателем использовать для изготовления трубочек манильскую бумагу. Предложение было принято и популярность соломинок только возросла. Вплоть до начала 20 века. В начале 20 века началось производства трубочек из пластика. Разные по высоте и диаметру, в зависимости от высоты стакана и плотности жидкости (коктейля). Затем было введено еще одно немаловажное новшество в виде гофры. Благодаря небольшому гофрированному участку на соломинке, стало удобно сгибать ее под нужным углом, что заметно повысило уровень комфорта при употреблении коктейлей.

На сегодняшний день трубочки производят разнообразных цветов и форм и используют не только в барах. Из них делают все возможные детские поделки, используют для хранения бижутерии, продлевают жизнь цветам в вазах и много другое. Наиболее популярны - неоновые гофрированные трубочки.",100,24,images/products/trubocki_100.jpg,Кухонная утварь
220,Точило,для ножа мясорубки,"Универсальная точилка для ножей мясорубок – универсальный инструмент, предназначенный для восстановления режущей кромки ножа, используемого в механических и электрических мясорубках. Он специально разработан для решения таких проблем, как неэффективная нарезка мяса мясорубкой или частое засорение бункера рядом с сеткой.

В этой точилке используются абразивные диски. Эти абразивные диски используются для заточки ножа мясорубки. Диски изготовлены из прочного и высококачественного абразивного материала, обеспечивающего эффективную заточку и долговечность.

С помощью этой точилки вы можете легко восстановить остроту ножа мясорубки, что позволит ему эффективно нарезать мясо и избежать проблем с засорением. Процесс заточки включает использование абразивных дисков для шлифования и изменения формы режущей кромки ножа, обеспечивая оптимальную производительность вашей мясорубки.

Инструкции по заточке ножа мясорубки точильным камнем:

1. Смочите шлифовальные круги, погрузив их в воду на 2–3 минуты.
2. Вставьте нож в мясорубку, заменив решетку шлифовальным кругом.
3. Надежно, но не слишком сильно затяните зажимную гайку.
4. Поверните ручку по часовой стрелке примерно 80 раз, если используете ручную мясорубку, или включите электрическую мясорубку.
5. Прежде чем покупать точилку, убедитесь, что кончик шнека вашей мясорубки имеет круглую форму и соответствует круглой форме центрального отверстия для заточки решетки.",50,58,images/products/brusok_meatrubka.jpg,Кухонная утварь